<?xml version="1.0" encoding="UTF-8"?>
<GenRun Id="impl_1" LaunchPart="xc7k160tfbg676-2" LaunchTime="1744978703">
  <File Type="BITSTR-BMM" Name="ROM_bd.bmm"/>
  <File Type="OPT-METHODOLOGY-DRC" Name="ROM_methodology_drc_opted.rpt"/>
  <File Type="INIT-TIMING" Name="ROM_timing_summary_init.rpt"/>
  <File Type="ROUTE-PWR" Name="ROM_power_routed.rpt"/>
  <File Type="PA-TCL" Name="ROM.tcl"/>
  <File Type="OPT-TIMING" Name="ROM_timing_summary_opted.rpt"/>
  <File Type="OPT-DCP" Name="ROM_opt.dcp"/>
  <File Type="ROUTE-PWR-SUM" Name="ROM_power_summary_routed.pb"/>
  <File Type="REPORTS-TCL" Name="ROM_reports.tcl"/>
  <File Type="OPT-DRC" Name="ROM_drc_opted.rpt"/>
  <File Type="OPT-HWDEF" Name="ROM.hwdef"/>
  <File Type="PWROPT-DCP" Name="ROM_pwropt.dcp"/>
  <File Type="PWROPT-DRC" Name="ROM_drc_pwropted.rpt"/>
  <File Type="PWROPT-TIMING" Name="ROM_timing_summary_pwropted.rpt"/>
  <File Type="PLACE-DCP" Name="ROM_placed.dcp"/>
  <File Type="PLACE-IO" Name="ROM_io_placed.rpt"/>
  <File Type="PLACE-CLK" Name="ROM_clock_utilization_placed.rpt"/>
  <File Type="PLACE-UTIL" Name="ROM_utilization_placed.rpt"/>
  <File Type="PLACE-UTIL-PB" Name="ROM_utilization_placed.pb"/>
  <File Type="PLACE-CTRL" Name="ROM_control_sets_placed.rpt"/>
  <File Type="PLACE-SIMILARITY" Name="ROM_incremental_reuse_placed.rpt"/>
  <File Type="PLACE-PRE-SIMILARITY" Name="ROM_incremental_reuse_pre_placed.rpt"/>
  <File Type="BG-BGN" Name="ROM.bgn"/>
  <File Type="PLACE-TIMING" Name="ROM_timing_summary_placed.rpt"/>
  <File Type="POSTPLACE-PWROPT-DCP" Name="ROM_postplace_pwropt.dcp"/>
  <File Type="BG-BIN" Name="ROM.bin"/>
  <File Type="POSTPLACE-PWROPT-TIMING" Name="ROM_timing_summary_postplace_pwropted.rpt"/>
  <File Type="PHYSOPT-DCP" Name="ROM_physopt.dcp"/>
  <File Type="PHYSOPT-DRC" Name="ROM_drc_physopted.rpt"/>
  <File Type="BITSTR-MSK" Name="ROM.msk"/>
  <File Type="PHYSOPT-TIMING" Name="ROM_timing_summary_physopted.rpt"/>
  <File Type="ROUTE-ERROR-DCP" Name="ROM_routed_error.dcp"/>
  <File Type="ROUTE-DCP" Name="ROM_routed.dcp"/>
  <File Type="ROUTE-BLACKBOX-DCP" Name="ROM_routed_bb.dcp"/>
  <File Type="ROUTE-DRC" Name="ROM_drc_routed.rpt"/>
  <File Type="ROUTE-DRC-PB" Name="ROM_drc_routed.pb"/>
  <File Type="BITSTR-LTX" Name="debug_nets.ltx"/>
  <File Type="BITSTR-LTX" Name="ROM.ltx"/>
  <File Type="ROUTE-DRC-RPX" Name="ROM_drc_routed.rpx"/>
  <File Type="BITSTR-MMI" Name="ROM.mmi"/>
  <File Type="ROUTE-METHODOLOGY-DRC" Name="ROM_methodology_drc_routed.rpt"/>
  <File Type="ROUTE-METHODOLOGY-DRC-RPX" Name="ROM_methodology_drc_routed.rpx"/>
  <File Type="BITSTR-SYSDEF" Name="ROM.sysdef"/>
  <File Type="ROUTE-METHODOLOGY-DRC-PB" Name="ROM_methodology_drc_routed.pb"/>
  <File Type="ROUTE-PWR-RPX" Name="ROM_power_routed.rpx"/>
  <File Type="ROUTE-STATUS" Name="ROM_route_status.rpt"/>
  <File Type="ROUTE-STATUS-PB" Name="ROM_route_status.pb"/>
  <File Type="ROUTE-TIMINGSUMMARY" Name="ROM_timing_summary_routed.rpt"/>
  <File Type="ROUTE-TIMING-PB" Name="ROM_timing_summary_routed.pb"/>
  <File Type="ROUTE-TIMING-RPX" Name="ROM_timing_summary_routed.rpx"/>
  <File Type="ROUTE-SIMILARITY" Name="ROM_incremental_reuse_routed.rpt"/>
  <File Type="ROUTE-CLK" Name="ROM_clock_utilization_routed.rpt"/>
  <File Type="ROUTE-BUS-SKEW" Name="ROM_bus_skew_routed.rpt"/>
  <File Type="ROUTE-BUS-SKEW-PB" Name="ROM_bus_skew_routed.pb"/>
  <File Type="ROUTE-BUS-SKEW-RPX" Name="ROM_bus_skew_routed.rpx"/>
  <File Type="POSTROUTE-PHYSOPT-DCP" Name="ROM_postroute_physopt.dcp"/>
  <File Type="POSTROUTE-PHYSOPT-BLACKBOX-DCP" Name="ROM_postroute_physopt_bb.dcp"/>
  <File Type="POSTROUTE-PHYSOPT-TIMING" Name="ROM_timing_summary_postroute_physopted.rpt"/>
  <File Type="POSTROUTE-PHYSOPT-TIMING-PB" Name="ROM_timing_summary_postroute_physopted.pb"/>
  <File Type="POSTROUTE-PHYSOPT-TIMING-RPX" Name="ROM_timing_summary_postroute_physopted.rpx"/>
  <File Type="POSTROUTE-PHYSOPT-BUS-SKEW" Name="ROM_bus_skew_postroute_physopted.rpt"/>
  <File Type="POSTROUTE-PHYSOPT-BUS-SKEW-PB" Name="ROM_bus_skew_postroute_physopted.pb"/>
  <File Type="BG-BIT" Name="ROM.bit"/>
  <File Type="POSTROUTE-PHYSOPT-BUS-SKEW-RPX" Name="ROM_bus_skew_postroute_physopted.rpx"/>
  <File Type="BITSTR-RBT" Name="ROM.rbt"/>
  <File Type="BITSTR-NKY" Name="ROM.nky"/>
  <File Type="BG-DRC" Name="ROM.drc"/>
  <File Type="RDI-RDI" Name="ROM.vdi"/>
  <File Type="WBT-USG" Name="usage_statistics_webtalk.html"/>
  <FileSet Name="sources" Type="DesignSrcs" RelSrcDir="$PSRCDIR/sources_1">
    <Filter Type="Srcs"/>
    <File Path="$PSRCDIR/sources_1/new/ROM.vhd">
      <FileInfo>
        <Attr Name="UsedIn" Val="synthesis"/>
        <Attr Name="UsedIn" Val="simulation"/>
      </FileInfo>
    </File>
    <File Path="$PSRCDIR/sources_1/new/romfile.mem">
      <FileInfo>
        <Attr Name="UsedIn" Val="synthesis"/>
        <Attr Name="UsedIn" Val="simulation"/>
      </FileInfo>
    </File>
    <Config>
      <Option Name="DesignMode" Val="RTL"/>
      <Option Name="TopModule" Val="ROM"/>
      <Option Name="TopAutoSet" Val="TRUE"/>
    </Config>
  </FileSet>
  <FileSet Name="constrs_in" Type="Constrs" RelSrcDir="$PSRCDIR/constrs_1">
    <Filter Type="Constrs"/>
    <File Path="$PSRCDIR/constrs_1/new/pin.xdc">
      <FileInfo>
        <Attr Name="UsedIn" Val="synthesis"/>
        <Attr Name="UsedIn" Val="implementation"/>
      </FileInfo>
    </File>
    <Config>
      <Option Name="TargetConstrsFile" Val="$PSRCDIR/constrs_1/new/pin.xdc"/>
      <Option Name="ConstrsType" Val="XDC"/>
    </Config>
  </FileSet>
  <FileSet Name="utils" Type="Utils" RelSrcDir="$PSRCDIR/utils_1">
    <Filter Type="Utils"/>
    <Config>
      <Option Name="TopAutoSet" Val="TRUE"/>
    </Config>
  </FileSet>
  <Strategy Version="1" Minor="2">
    <StratHandle Name="Vivado Implementation Defaults" Flow="Vivado Implementation 2018"/>
    <Step Id="init_design"/>
    <Step Id="opt_design"/>
    <Step Id="power_opt_design"/>
    <Step Id="place_design"/>
    <Step Id="post_place_power_opt_design"/>
    <Step Id="phys_opt_design"/>
    <Step Id="route_design"/>
    <Step Id="post_route_phys_opt_design"/>
    <Step Id="write_bitstream"/>
  </Strategy>
</GenRun>
